{
	"format_version": "1.9.0",
	"credit": "Made with Blockbench",
	"texture_size": [64, 64],
	"textures": {
		"2": "block/horror_cart"
	},
	"elements": [
		{
			"from": [-4, 3, -2],
			"to": [13, 6, -1],
			"rotation": { "angle": 0, "axis": "y", "origin": [0, 4, 0] },
			"faces": {
				"north": { "uv": [5.75, 5, 10, 5.75], "texture": "#2" },
				"east": { "uv": [7, 11.5, 7.25, 12.25], "texture": "#2" },
				"south": { "uv": [5.75, 5.75, 10, 6.5], "texture": "#2" },
				"west": { "uv": [11.75, 1.5, 12, 2.25], "texture": "#2" },
				"up": { "uv": [4.25, 8.5, 0, 8.25], "texture": "#2" },
				"down": { "uv": [13.5, 6.5, 9.25, 6.75], "texture": "#2" }
			}
		},
		{
			"from": [-4, 1, -1],
			"to": [13, 3, 0],
			"rotation": { "angle": 0, "axis": "y", "origin": [6, 0, 0] },
			"faces": {
				"north": { "uv": [0, 7.25, 4.25, 7.75], "texture": "#2" },
				"east": { "uv": [5.5, 6, 5.75, 6.5], "texture": "#2" },
				"south": { "uv": [4.25, 7.5, 8.5, 8], "texture": "#2" },
				"west": { "uv": [2, 11.75, 2.25, 12.25], "texture": "#2" },
				"up": { "uv": [13.5, 7, 9.25, 6.75], "texture": "#2" },
				"down": { "uv": [13.5, 7, 9.25, 7.25], "texture": "#2" }
			}
		},
		{
			"from": [-4, 6, -1],
			"to": [13, 7, 0],
			"rotation": { "angle": 0, "axis": "y", "origin": [6, 6, 0] },
			"faces": {
				"north": { "uv": [9.25, 7.25, 13.5, 7.5], "texture": "#2" },
				"east": { "uv": [4.25, 7.25, 4.5, 7.5], "texture": "#2" },
				"south": { "uv": [0, 9.5, 4.25, 9.75], "texture": "#2" },
				"west": { "uv": [11, 4.75, 11.25, 5], "texture": "#2" },
				"up": { "uv": [8.5, 9.75, 4.25, 9.5], "texture": "#2" },
				"down": { "uv": [12.75, 9.5, 8.5, 9.75], "texture": "#2" }
			}
		},
		{
			"from": [-4, 7, 0],
			"to": [13, 8, 1],
			"rotation": { "angle": 0, "axis": "y", "origin": [6, 7, 1] },
			"faces": {
				"north": { "uv": [0, 9.75, 4.25, 10], "texture": "#2" },
				"east": { "uv": [0.25, 12, 0.5, 12.25], "texture": "#2" },
				"south": { "uv": [4.25, 9.75, 8.5, 10], "texture": "#2" },
				"west": { "uv": [12, 1.5, 12.25, 1.75], "texture": "#2" },
				"up": { "uv": [12.75, 10, 8.5, 9.75], "texture": "#2" },
				"down": { "uv": [4.25, 10, 0, 10.25], "texture": "#2" }
			}
		},
		{
			"from": [12, 7, 1],
			"to": [14, 8, 3],
			"rotation": { "angle": 0, "axis": "y", "origin": [6, 7, 2] },
			"faces": {
				"north": { "uv": [11.75, 4.75, 12.25, 5], "texture": "#2" },
				"east": { "uv": [11.75, 5.25, 12.25, 5.5], "texture": "#2" },
				"south": { "uv": [11.75, 5.5, 12.25, 5.75], "texture": "#2" },
				"west": { "uv": [11.75, 5.75, 12.25, 6], "texture": "#2" },
				"up": { "uv": [7, 12, 6.5, 11.5], "texture": "#2" },
				"down": { "uv": [10.75, 11.5, 10.25, 12], "texture": "#2" }
			}
		},
		{
			"from": [13, 7, 3],
			"to": [15, 8, 5],
			"rotation": { "angle": 0, "axis": "y", "origin": [7, 7, 4] },
			"faces": {
				"north": { "uv": [11.75, 6, 12.25, 6.25], "texture": "#2" },
				"east": { "uv": [11.75, 6.25, 12.25, 6.5], "texture": "#2" },
				"south": { "uv": [7.25, 11.75, 7.75, 12], "texture": "#2" },
				"west": { "uv": [7.75, 11.75, 8.25, 12], "texture": "#2" },
				"up": { "uv": [12, 11, 11.5, 10.5], "texture": "#2" },
				"down": { "uv": [12, 11, 11.5, 11.5], "texture": "#2" }
			}
		},
		{
			"from": [-5, 7, 1],
			"to": [-3, 8, 3],
			"rotation": { "angle": 0, "axis": "y", "origin": [-11, 7, 2] },
			"faces": {
				"north": { "uv": [8.25, 11.75, 8.75, 12], "texture": "#2" },
				"east": { "uv": [8.75, 11.75, 9.25, 12], "texture": "#2" },
				"south": { "uv": [9.25, 11.75, 9.75, 12], "texture": "#2" },
				"west": { "uv": [9.75, 11.75, 10.25, 12], "texture": "#2" },
				"up": { "uv": [12, 12, 11.5, 11.5], "texture": "#2" },
				"down": { "uv": [12.25, 0, 11.75, 0.5], "texture": "#2" }
			}
		},
		{
			"from": [-7, 0, 2],
			"to": [16, 1, 14],
			"faces": {
				"north": { "uv": [8.5, 7.5, 14.25, 7.75], "texture": "#2" },
				"east": { "uv": [4.25, 10, 7.25, 10.25], "texture": "#2" },
				"south": { "uv": [8.5, 7.75, 14.25, 8], "texture": "#2" },
				"west": { "uv": [10, 5, 13, 5.25], "texture": "#2" },
				"up": { "uv": [5.75, 3, 0, 0], "texture": "#2" },
				"down": { "uv": [5.75, 3, 0, 6], "texture": "#2" }
			}
		},
		{
			"from": [16, 0, 3],
			"to": [17, 1, 12],
			"rotation": { "angle": 0, "axis": "y", "origin": [1, 0, 0] },
			"faces": {
				"north": { "uv": [8.5, 7.5, 14.25, 7.75], "texture": "#2" },
				"east": { "uv": [4.25, 10, 7.25, 10.25], "texture": "#2" },
				"south": { "uv": [8.5, 7.75, 14.25, 8], "texture": "#2" },
				"west": { "uv": [10, 5, 13, 5.25], "texture": "#2" },
				"up": { "uv": [5.75, 3, 0, 0], "texture": "#2" },
				"down": { "uv": [5.75, 3, 0, 6], "texture": "#2" }
			}
		},
		{
			"from": [-5, 0, 14],
			"to": [14, 1, 15],
			"rotation": { "angle": 0, "axis": "y", "origin": [0, 0, 2] },
			"faces": {
				"north": { "uv": [0, 9, 4.75, 9.25], "texture": "#2" },
				"east": { "uv": [12, 1.75, 12.25, 2], "texture": "#2" },
				"south": { "uv": [4.75, 9, 9.5, 9.25], "texture": "#2" },
				"west": { "uv": [12, 2, 12.25, 2.25], "texture": "#2" },
				"up": { "uv": [4.75, 9.5, 0, 9.25], "texture": "#2" },
				"down": { "uv": [9.5, 9.25, 4.75, 9.5], "texture": "#2" }
			}
		},
		{
			"from": [-7, 1, 13],
			"to": [-5, 4, 15],
			"rotation": { "angle": 0, "axis": "y", "origin": [-2, 0, 2] },
			"faces": {
				"north": { "uv": [2, 10.5, 2.5, 11.25], "texture": "#2" },
				"east": { "uv": [2.5, 10.5, 3, 11.25], "texture": "#2" },
				"south": { "uv": [3, 10.5, 3.5, 11.25], "texture": "#2" },
				"west": { "uv": [3.5, 10.5, 4, 11.25], "texture": "#2" },
				"up": { "uv": [12.25, 1, 11.75, 0.5], "texture": "#2" },
				"down": { "uv": [1.5, 11.75, 1, 12.25], "texture": "#2" }
			}
		},
		{
			"from": [-8, 1, 11],
			"to": [-6, 4, 13],
			"rotation": { "angle": 0, "axis": "y", "origin": [-3, 0, 0] },
			"faces": {
				"north": { "uv": [2, 10.5, 2.5, 11.25], "texture": "#2" },
				"east": { "uv": [2.5, 10.5, 3, 11.25], "texture": "#2" },
				"south": { "uv": [3, 10.5, 3.5, 11.25], "texture": "#2" },
				"west": { "uv": [3.5, 10.5, 4, 11.25], "texture": "#2" },
				"up": { "uv": [12.25, 1, 11.75, 0.5], "texture": "#2" },
				"down": { "uv": [1.5, 11.75, 1, 12.25], "texture": "#2" }
			}
		},
		{
			"from": [-8, 4, 12],
			"to": [-6, 7, 15],
			"rotation": { "angle": 0, "axis": "y", "origin": [-3, 3, 1] },
			"faces": {
				"north": { "uv": [2, 10.5, 2.5, 11.25], "texture": "#2" },
				"east": { "uv": [2.5, 10.5, 3, 11.25], "texture": "#2" },
				"south": { "uv": [3, 10.5, 3.5, 11.25], "texture": "#2" },
				"west": { "uv": [3.5, 10.5, 4, 11.25], "texture": "#2" },
				"up": { "uv": [12.25, 1, 11.75, 0.5], "texture": "#2" },
				"down": { "uv": [1.5, 11.75, 1, 12.25], "texture": "#2" }
			}
		},
		{
			"from": [16, 4, 12],
			"to": [18, 7, 15],
			"rotation": { "angle": 0, "axis": "y", "origin": [21, 3, 1] },
			"faces": {
				"north": { "uv": [2, 10.5, 2.5, 11.25], "texture": "#2" },
				"east": { "uv": [2.5, 10.5, 3, 11.25], "texture": "#2" },
				"south": { "uv": [3, 10.5, 3.5, 11.25], "texture": "#2" },
				"west": { "uv": [3.5, 10.5, 4, 11.25], "texture": "#2" },
				"up": { "uv": [12.25, 1, 11.75, 0.5], "texture": "#2" },
				"down": { "uv": [1.5, 11.75, 1, 12.25], "texture": "#2" }
			}
		},
		{
			"from": [15, 4, 14],
			"to": [17, 13, 17],
			"rotation": { "angle": 0, "axis": "y", "origin": [20, 3, 3] },
			"faces": {
				"north": { "uv": [2, 10.5, 2.5, 11.25], "texture": "#2" },
				"east": { "uv": [2.5, 10.5, 3, 11.25], "texture": "#2" },
				"south": { "uv": [3, 10.5, 3.5, 11.25], "texture": "#2" },
				"west": { "uv": [3.5, 10.5, 4, 11.25], "texture": "#2" },
				"up": { "uv": [12.25, 1, 11.75, 0.5], "texture": "#2" },
				"down": { "uv": [1.5, 11.75, 1, 12.25], "texture": "#2" }
			}
		},
		{
			"from": [-7, 4, 14],
			"to": [-5, 13, 17],
			"rotation": { "angle": 0, "axis": "y", "origin": [-2, 3, 3] },
			"faces": {
				"north": { "uv": [2, 10.5, 2.5, 11.25], "texture": "#2" },
				"east": { "uv": [2.5, 10.5, 3, 11.25], "texture": "#2" },
				"south": { "uv": [3, 10.5, 3.5, 11.25], "texture": "#2" },
				"west": { "uv": [3.5, 10.5, 4, 11.25], "texture": "#2" },
				"up": { "uv": [12.25, 1, 11.75, 0.5], "texture": "#2" },
				"down": { "uv": [1.5, 11.75, 1, 12.25], "texture": "#2" }
			}
		},
		{
			"from": [-8, 7, 13],
			"to": [-6, 22, 17],
			"rotation": { "angle": 0, "axis": "y", "origin": [-2, 12, 3] },
			"faces": {
				"north": { "uv": [2, 10.5, 2.5, 11.25], "texture": "#2" },
				"east": { "uv": [2.5, 10.5, 3, 11.25], "texture": "#2" },
				"south": { "uv": [3, 10.5, 3.5, 11.25], "texture": "#2" },
				"west": { "uv": [3.5, 10.5, 4, 11.25], "texture": "#2" },
				"up": { "uv": [12.25, 1, 11.75, 0.5], "texture": "#2" },
				"down": { "uv": [1.5, 11.75, 1, 12.25], "texture": "#2" }
			}
		},
		{
			"from": [16, 7, 13],
			"to": [18, 22, 17],
			"rotation": { "angle": 0, "axis": "y", "origin": [22, 12, 3] },
			"faces": {
				"north": { "uv": [2, 10.5, 2.5, 11.25], "texture": "#2" },
				"east": { "uv": [2.5, 10.5, 3, 11.25], "texture": "#2" },
				"south": { "uv": [3, 10.5, 3.5, 11.25], "texture": "#2" },
				"west": { "uv": [3.5, 10.5, 4, 11.25], "texture": "#2" },
				"up": { "uv": [12.25, 1, 11.75, 0.5], "texture": "#2" },
				"down": { "uv": [1.5, 11.75, 1, 12.25], "texture": "#2" }
			}
		},
		{
			"from": [15, 13, 17],
			"to": [16, 23, 18],
			"rotation": { "angle": 0, "axis": "y", "origin": [21, 12, 4] },
			"faces": {
				"north": { "uv": [2, 10.5, 2.5, 11.25], "texture": "#2" },
				"east": { "uv": [2.5, 10.5, 3, 11.25], "texture": "#2" },
				"south": { "uv": [3, 10.5, 3.5, 11.25], "texture": "#2" },
				"west": { "uv": [3.5, 10.5, 4, 11.25], "texture": "#2" },
				"up": { "uv": [12.25, 1, 11.75, 0.5], "texture": "#2" },
				"down": { "uv": [1.5, 11.75, 1, 12.25], "texture": "#2" }
			}
		},
		{
			"from": [-6, 13, 17],
			"to": [-5, 23, 18],
			"rotation": { "angle": 0, "axis": "y", "origin": [0, 12, 4] },
			"faces": {
				"north": { "uv": [2, 10.5, 2.5, 11.25], "texture": "#2" },
				"east": { "uv": [2.5, 10.5, 3, 11.25], "texture": "#2" },
				"south": { "uv": [3, 10.5, 3.5, 11.25], "texture": "#2" },
				"west": { "uv": [3.5, 10.5, 4, 11.25], "texture": "#2" },
				"up": { "uv": [12.25, 1, 11.75, 0.5], "texture": "#2" },
				"down": { "uv": [1.5, 11.75, 1, 12.25], "texture": "#2" }
			}
		},
		{
			"from": [-5, 6, 17],
			"to": [15, 23, 18],
			"rotation": { "angle": 0, "axis": "y", "origin": [0, 3, 3] },
			"faces": {
				"north": { "uv": [2, 10.5, 2.5, 11.25], "texture": "#2" },
				"east": { "uv": [2.5, 10.5, 3, 11.25], "texture": "#2" },
				"south": { "uv": [3, 10.5, 3.5, 11.25], "texture": "#2" },
				"west": { "uv": [3.5, 10.5, 4, 11.25], "texture": "#2" },
				"up": { "uv": [12.25, 1, 11.75, 0.5], "texture": "#2" },
				"down": { "uv": [1.5, 11.75, 1, 12.25], "texture": "#2" }
			}
		},
		{
			"from": [-6, 22, 16],
			"to": [16, 24, 17],
			"rotation": { "angle": 0, "axis": "y", "origin": [0, 12, 3] },
			"faces": {
				"north": { "uv": [2, 10.5, 2.5, 11.25], "texture": "#2" },
				"east": { "uv": [2.5, 10.5, 3, 11.25], "texture": "#2" },
				"south": { "uv": [3, 10.5, 3.5, 11.25], "texture": "#2" },
				"west": { "uv": [3.5, 10.5, 4, 11.25], "texture": "#2" },
				"up": { "uv": [12.25, 1, 11.75, 0.5], "texture": "#2" },
				"down": { "uv": [1.5, 11.75, 1, 12.25], "texture": "#2" }
			}
		},
		{
			"from": [-4, 24, 14],
			"to": [14, 25, 16],
			"rotation": { "angle": 0, "axis": "y", "origin": [0, 14, 2] },
			"faces": {
				"north": { "uv": [2, 10.5, 2.5, 11.25], "texture": "#2" },
				"east": { "uv": [2.5, 10.5, 3, 11.25], "texture": "#2" },
				"south": { "uv": [3, 10.5, 3.5, 11.25], "texture": "#2" },
				"west": { "uv": [3.5, 10.5, 4, 11.25], "texture": "#2" },
				"up": { "uv": [12.25, 1, 11.75, 0.5], "texture": "#2" },
				"down": { "uv": [1.5, 11.75, 1, 12.25], "texture": "#2" }
			}
		},
		{
			"from": [-2, 25, 12],
			"to": [12, 26, 14],
			"rotation": { "angle": 0, "axis": "y", "origin": [0, 15, 0] },
			"faces": {
				"north": { "uv": [2, 10.5, 2.5, 11.25], "texture": "#2" },
				"east": { "uv": [2.5, 10.5, 3, 11.25], "texture": "#2" },
				"south": { "uv": [3, 10.5, 3.5, 11.25], "texture": "#2" },
				"west": { "uv": [3.5, 10.5, 4, 11.25], "texture": "#2" },
				"up": { "uv": [12.25, 1, 11.75, 0.5], "texture": "#2" },
				"down": { "uv": [1.5, 11.75, 1, 12.25], "texture": "#2" }
			}
		},
		{
			"from": [14, 22, 14],
			"to": [17, 24, 16],
			"rotation": { "angle": 0, "axis": "y", "origin": [9, 12, 2] },
			"faces": {
				"north": { "uv": [2, 10.5, 2.5, 11.25], "texture": "#2" },
				"east": { "uv": [2.5, 10.5, 3, 11.25], "texture": "#2" },
				"south": { "uv": [3, 10.5, 3.5, 11.25], "texture": "#2" },
				"west": { "uv": [3.5, 10.5, 4, 11.25], "texture": "#2" },
				"up": { "uv": [12.25, 1, 11.75, 0.5], "texture": "#2" },
				"down": { "uv": [1.5, 11.75, 1, 12.25], "texture": "#2" }
			}
		},
		{
			"from": [-7, 22, 14],
			"to": [-4, 24, 16],
			"rotation": { "angle": 0, "axis": "y", "origin": [-12, 12, 2] },
			"faces": {
				"north": { "uv": [2, 10.5, 2.5, 11.25], "texture": "#2" },
				"east": { "uv": [2.5, 10.5, 3, 11.25], "texture": "#2" },
				"south": { "uv": [3, 10.5, 3.5, 11.25], "texture": "#2" },
				"west": { "uv": [3.5, 10.5, 4, 11.25], "texture": "#2" },
				"up": { "uv": [12.25, 1, 11.75, 0.5], "texture": "#2" },
				"down": { "uv": [1.5, 11.75, 1, 12.25], "texture": "#2" }
			}
		},
		{
			"from": [13, 22, 12],
			"to": [17, 24, 14],
			"rotation": { "angle": 0, "axis": "y", "origin": [9, 12, 1] },
			"faces": {
				"north": { "uv": [2, 10.5, 2.5, 11.25], "texture": "#2" },
				"east": { "uv": [2.5, 10.5, 3, 11.25], "texture": "#2" },
				"south": { "uv": [3, 10.5, 3.5, 11.25], "texture": "#2" },
				"west": { "uv": [3.5, 10.5, 4, 11.25], "texture": "#2" },
				"up": { "uv": [12.25, 1, 11.75, 0.5], "texture": "#2" },
				"down": { "uv": [1.5, 11.75, 1, 12.25], "texture": "#2" }
			}
		},
		{
			"from": [-7, 22, 12],
			"to": [-3, 24, 14],
			"rotation": { "angle": 0, "axis": "y", "origin": [-11, 12, 1] },
			"faces": {
				"north": { "uv": [2, 10.5, 2.5, 11.25], "texture": "#2" },
				"east": { "uv": [2.5, 10.5, 3, 11.25], "texture": "#2" },
				"south": { "uv": [3, 10.5, 3.5, 11.25], "texture": "#2" },
				"west": { "uv": [3.5, 10.5, 4, 11.25], "texture": "#2" },
				"up": { "uv": [12.25, 1, 11.75, 0.5], "texture": "#2" },
				"down": { "uv": [1.5, 11.75, 1, 12.25], "texture": "#2" }
			}
		},
		{
			"from": [-3, 11, 18],
			"to": [13, 23, 19],
			"rotation": { "angle": 0, "axis": "y", "origin": [0, 3, 3] },
			"faces": {
				"north": { "uv": [2, 10.5, 2.5, 11.25], "texture": "#2" },
				"east": { "uv": [2.5, 10.5, 3, 11.25], "texture": "#2" },
				"south": { "uv": [3, 10.5, 3.5, 11.25], "texture": "#2" },
				"west": { "uv": [3.5, 10.5, 4, 11.25], "texture": "#2" },
				"up": { "uv": [12.25, 1, 11.75, 0.5], "texture": "#2" },
				"down": { "uv": [1.5, 11.75, 1, 12.25], "texture": "#2" }
			}
		},
		{
			"from": [14, 1, 13],
			"to": [16, 4, 15],
			"rotation": { "angle": 0, "axis": "y", "origin": [19, 0, 2] },
			"faces": {
				"north": { "uv": [10.5, 3.5, 11, 4.25], "texture": "#2" },
				"east": { "uv": [4, 10.5, 4.5, 11.25], "texture": "#2" },
				"south": { "uv": [10.5, 4.25, 11, 5], "texture": "#2" },
				"west": { "uv": [10.5, 5.25, 11, 6], "texture": "#2" },
				"up": { "uv": [12.25, 1.5, 11.75, 1], "texture": "#2" },
				"down": { "uv": [2, 11.75, 1.5, 12.25], "texture": "#2" }
			}
		},
		{
			"from": [15, 1, 11],
			"to": [17, 4, 13],
			"rotation": { "angle": 0, "axis": "y", "origin": [20, 0, 0] },
			"faces": {
				"north": { "uv": [10.5, 3.5, 11, 4.25], "texture": "#2" },
				"east": { "uv": [4, 10.5, 4.5, 11.25], "texture": "#2" },
				"south": { "uv": [10.5, 4.25, 11, 5], "texture": "#2" },
				"west": { "uv": [10.5, 5.25, 11, 6], "texture": "#2" },
				"up": { "uv": [12.25, 1.5, 11.75, 1], "texture": "#2" },
				"down": { "uv": [2, 11.75, 1.5, 12.25], "texture": "#2" }
			}
		},
		{
			"from": [-5, 1, 14],
			"to": [14, 4, 16],
			"rotation": { "angle": 0, "axis": "y", "origin": [17, 0, 3] },
			"faces": {
				"north": { "uv": [5.75, 3.5, 10.5, 4.25], "texture": "#2" },
				"east": { "uv": [10.75, 10, 11.25, 10.75], "texture": "#2" },
				"south": { "uv": [5.75, 4.25, 10.5, 5], "texture": "#2" },
				"west": { "uv": [10.25, 10.75, 10.75, 11.5], "texture": "#2" },
				"up": { "uv": [9.25, 7, 4.5, 6.5], "texture": "#2" },
				"down": { "uv": [9.25, 7, 4.5, 7.5], "texture": "#2" }
			}
		},
		{
			"from": [-6, 3, -1],
			"to": [-4, 6, 1],
			"faces": {
				"north": { "uv": [4.5, 10.25, 5, 11], "texture": "#2" },
				"east": { "uv": [5, 10.25, 5.5, 11], "texture": "#2" },
				"south": { "uv": [5.5, 10.25, 6, 11], "texture": "#2" },
				"west": { "uv": [6, 10.25, 6.5, 11], "texture": "#2" },
				"up": { "uv": [5, 6.5, 4.5, 6], "texture": "#2" },
				"down": { "uv": [5.5, 6, 5, 6.5], "texture": "#2" }
			}
		},
		{
			"from": [-6, 1, 0],
			"to": [-4, 3, 2],
			"faces": {
				"north": { "uv": [10.5, 6, 11, 6.5], "texture": "#2" },
				"east": { "uv": [6, 11, 6.5, 11.5], "texture": "#2" },
				"south": { "uv": [6.5, 11, 7, 11.5], "texture": "#2" },
				"west": { "uv": [11, 10.75, 11.5, 11.25], "texture": "#2" },
				"up": { "uv": [1.5, 11.75, 1, 11.25], "texture": "#2" },
				"down": { "uv": [2, 11.25, 1.5, 11.75], "texture": "#2" }
			}
		},
		{
			"from": [-7, 1, 1],
			"to": [-6, 6, 2],
			"faces": {
				"north": { "uv": [7, 10.25, 7.25, 11.5], "texture": "#2" },
				"east": { "uv": [10.75, 10.75, 11, 12], "texture": "#2" },
				"south": { "uv": [11, 3.5, 11.25, 4.75], "texture": "#2" },
				"west": { "uv": [4.5, 11, 4.75, 12.25], "texture": "#2" },
				"up": { "uv": [11.5, 10.75, 11.25, 10.5], "texture": "#2" },
				"down": { "uv": [12, 10, 11.75, 10.25], "texture": "#2" }
			}
		},
		{
			"from": [15, 1, 1],
			"to": [16, 6, 2],
			"rotation": { "angle": 0, "axis": "y", "origin": [22, 0, 0] },
			"faces": {
				"north": { "uv": [4.75, 11, 5, 12.25], "texture": "#2" },
				"east": { "uv": [5, 11, 5.25, 12.25], "texture": "#2" },
				"south": { "uv": [5.25, 11, 5.5, 12.25], "texture": "#2" },
				"west": { "uv": [11, 5.25, 11.25, 6.5], "texture": "#2" },
				"up": { "uv": [11.5, 12, 11.25, 11.75], "texture": "#2" },
				"down": { "uv": [0.25, 12, 0, 12.25], "texture": "#2" }
			}
		},
		{
			"from": [16, 1, 2],
			"to": [17, 6, 3],
			"rotation": { "angle": 0, "axis": "y", "origin": [23, 0, 1] },
			"faces": {
				"north": { "uv": [4.75, 11, 5, 12.25], "texture": "#2" },
				"east": { "uv": [5, 11, 5.25, 12.25], "texture": "#2" },
				"south": { "uv": [5.25, 11, 5.5, 12.25], "texture": "#2" },
				"west": { "uv": [11, 5.25, 11.25, 6.5], "texture": "#2" },
				"up": { "uv": [11.5, 12, 11.25, 11.75], "texture": "#2" },
				"down": { "uv": [0.25, 12, 0, 12.25], "texture": "#2" }
			}
		},
		{
			"from": [17, 1, 3],
			"to": [18, 6, 12],
			"rotation": { "angle": 0, "axis": "y", "origin": [23, 0, 2] },
			"faces": {
				"north": { "uv": [5.5, 11, 5.75, 12.25], "texture": "#2" },
				"east": { "uv": [0, 6, 2.25, 7.25], "texture": "#2" },
				"south": { "uv": [5.75, 11, 6, 12.25], "texture": "#2" },
				"west": { "uv": [2.25, 6, 4.5, 7.25], "texture": "#2" },
				"up": { "uv": [0.75, 12.5, 0.5, 10.25], "texture": "#2" },
				"down": { "uv": [1, 10.25, 0.75, 12.5], "texture": "#2" }
			}
		},
		{
			"from": [-7, 4, 10],
			"to": [17, 5, 16],
			"rotation": { "angle": 0, "axis": "y", "origin": [22, 0, 7] },
			"faces": {
				"north": { "uv": [0, 8.5, 6, 8.75], "texture": "#2" },
				"east": { "uv": [1, 10.25, 2.75, 10.5], "texture": "#2" },
				"south": { "uv": [6, 8.5, 12, 8.75], "texture": "#2" },
				"west": { "uv": [2.75, 10.25, 4.5, 10.5], "texture": "#2" },
				"up": { "uv": [11.75, 1.75, 5.75, 0], "texture": "#2" },
				"down": { "uv": [11.75, 1.75, 5.75, 3.5], "texture": "#2" }
			}
		},
		{
			"from": [-5, 4, 16],
			"to": [15, 10, 17],
			"rotation": { "angle": 0, "axis": "y", "origin": [22, 0, 8] },
			"faces": {
				"north": { "uv": [0, 8.5, 6, 8.75], "texture": "#2" },
				"east": { "uv": [1, 10.25, 2.75, 10.5], "texture": "#2" },
				"south": { "uv": [6, 8.5, 12, 8.75], "texture": "#2" },
				"west": { "uv": [2.75, 10.25, 4.5, 10.5], "texture": "#2" },
				"up": { "uv": [11.75, 1.75, 5.75, 0], "texture": "#2" },
				"down": { "uv": [11.75, 1.75, 5.75, 3.5], "texture": "#2" }
			}
		},
		{
			"from": [-8, 1, 2],
			"to": [-6, 6, 4],
			"rotation": { "angle": 0, "axis": "y", "origin": [-1, 0, 1] },
			"faces": {
				"north": { "uv": [8.75, 10, 9.25, 11.25], "texture": "#2" },
				"east": { "uv": [9.25, 10, 9.75, 11.25], "texture": "#2" },
				"south": { "uv": [9.75, 10, 10.25, 11.25], "texture": "#2" },
				"west": { "uv": [0, 10.25, 0.5, 11.5], "texture": "#2" },
				"up": { "uv": [9.75, 11.75, 9.25, 11.25], "texture": "#2" },
				"down": { "uv": [10.25, 11.25, 9.75, 11.75], "texture": "#2" }
			}
		},
		{
			"from": [-6, 0, 1],
			"to": [15, 1, 2],
			"faces": {
				"north": { "uv": [8.5, 8, 13.75, 8.25], "texture": "#2" },
				"east": { "uv": [11.75, 10.25, 12, 10.5], "texture": "#2" },
				"south": { "uv": [8.5, 8.25, 13.75, 8.5], "texture": "#2" },
				"west": { "uv": [11, 11.75, 11.25, 12], "texture": "#2" },
				"up": { "uv": [5.25, 9, 0, 8.75], "texture": "#2" },
				"down": { "uv": [10.5, 8.75, 5.25, 9], "texture": "#2" }
			}
		},
		{
			"from": [-4, 0, 0],
			"to": [13, 2, 1],
			"faces": {
				"north": { "uv": [0, 7.75, 4.25, 8.25], "texture": "#2" },
				"east": { "uv": [2.25, 11.75, 2.5, 12.25], "texture": "#2" },
				"south": { "uv": [4.25, 8, 8.5, 8.5], "texture": "#2" },
				"west": { "uv": [11.75, 2.25, 12, 2.75], "texture": "#2" },
				"up": { "uv": [13.75, 9.25, 9.5, 9], "texture": "#2" },
				"down": { "uv": [13.75, 9.25, 9.5, 9.5], "texture": "#2" }
			}
		},
		{
			"from": [13, 1, 0],
			"to": [15, 3, 2],
			"faces": {
				"north": { "uv": [2, 11.25, 2.5, 11.75], "texture": "#2" },
				"east": { "uv": [2.5, 11.25, 3, 11.75], "texture": "#2" },
				"south": { "uv": [3, 11.25, 3.5, 11.75], "texture": "#2" },
				"west": { "uv": [3.5, 11.25, 4, 11.75], "texture": "#2" },
				"up": { "uv": [11.75, 4, 11.25, 3.5], "texture": "#2" },
				"down": { "uv": [4.5, 11.25, 4, 11.75], "texture": "#2" }
			}
		},
		{
			"from": [13, 3, -1],
			"to": [15, 6, 1],
			"faces": {
				"north": { "uv": [6.5, 10.25, 7, 11], "texture": "#2" },
				"east": { "uv": [10.25, 10, 10.75, 10.75], "texture": "#2" },
				"south": { "uv": [1, 10.5, 1.5, 11.25], "texture": "#2" },
				"west": { "uv": [1.5, 10.5, 2, 11.25], "texture": "#2" },
				"up": { "uv": [11.75, 4.5, 11.25, 4], "texture": "#2" },
				"down": { "uv": [11.75, 4.5, 11.25, 5], "texture": "#2" }
			}
		},
		{
			"from": [-6, 6, 0],
			"to": [-4, 7, 2],
			"faces": {
				"north": { "uv": [10.5, 8.75, 11, 9], "texture": "#2" },
				"east": { "uv": [11, 8.75, 11.5, 9], "texture": "#2" },
				"south": { "uv": [11.25, 6.25, 11.75, 6.5], "texture": "#2" },
				"west": { "uv": [11.5, 8.75, 12, 9], "texture": "#2" },
				"up": { "uv": [11.75, 5.75, 11.25, 5.25], "texture": "#2" },
				"down": { "uv": [11.75, 5.75, 11.25, 6.25], "texture": "#2" }
			}
		},
		{
			"from": [-7, 6, 2],
			"to": [-5, 7, 4],
			"rotation": { "angle": 0, "axis": "y", "origin": [-1, 0, 2] },
			"faces": {
				"north": { "uv": [11.75, 3.25, 12.25, 3.5], "texture": "#2" },
				"east": { "uv": [3.5, 11.75, 4, 12], "texture": "#2" },
				"south": { "uv": [11.75, 3.5, 12.25, 3.75], "texture": "#2" },
				"west": { "uv": [11.75, 3.75, 12.25, 4], "texture": "#2" },
				"up": { "uv": [11.75, 10.5, 11.25, 10], "texture": "#2" },
				"down": { "uv": [11.5, 11.25, 11, 11.75], "texture": "#2" }
			}
		},
		{
			"from": [14, 6, 2],
			"to": [16, 7, 4],
			"rotation": { "angle": 0, "axis": "y", "origin": [20, 0, 2] },
			"faces": {
				"north": { "uv": [4, 11.75, 4.5, 12], "texture": "#2" },
				"east": { "uv": [11.75, 4, 12.25, 4.25], "texture": "#2" },
				"south": { "uv": [11.75, 4.25, 12.25, 4.5], "texture": "#2" },
				"west": { "uv": [11.75, 4.5, 12.25, 4.75], "texture": "#2" },
				"up": { "uv": [0.5, 12, 0, 11.5], "texture": "#2" },
				"down": { "uv": [6.5, 11.5, 6, 12], "texture": "#2" }
			}
		},
		{
			"from": [13, 6, 0],
			"to": [15, 7, 2],
			"rotation": { "angle": 0, "axis": "y", "origin": [19, 0, 0] },
			"faces": {
				"north": { "uv": [2.5, 11.75, 3, 12], "texture": "#2" },
				"east": { "uv": [11.75, 2.75, 12.25, 3], "texture": "#2" },
				"south": { "uv": [3, 11.75, 3.5, 12], "texture": "#2" },
				"west": { "uv": [11.75, 3, 12.25, 3.25], "texture": "#2" },
				"up": { "uv": [7.75, 11.75, 7.25, 11.25], "texture": "#2" },
				"down": { "uv": [8.25, 11.25, 7.75, 11.75], "texture": "#2" }
			}
		}
	]
}
