{
	"format_version": "1.9.0",
	"credit": "Made with Blockbench",
	"texture_size": [128, 128],
	"textures": {
		"0": "block/horror_cart",
		"particle": "block/horror_cart"
	},
	"elements": [
		{
			"from": [-4, 3, -5],
			"to": [13, 6, -4],
			"rotation": {"angle": 0, "axis": "y", "origin": [0, 4, -3]},
			"faces": {
				"north": {"uv": [6.5, 3.875, 8.625, 4.25], "texture": "#0"},
				"east": {"uv": [3, 9.375, 3.125, 9.75], "texture": "#0"},
				"south": {"uv": [6.5, 4.25, 8.625, 4.625], "texture": "#0"},
				"west": {"uv": [9.75, 9.125, 9.875, 9.5], "texture": "#0"},
				"up": {"uv": [10.625, 5.875, 8.5, 5.75], "texture": "#0"},
				"down": {"uv": [10.625, 5.875, 8.5, 6], "texture": "#0"}
			}
		},
		{
			"from": [-4, 1, -4],
			"to": [13, 3, -1],
			"rotation": {"angle": 0, "axis": "y", "origin": [6, 0, -3]},
			"faces": {
				"north": {"uv": [5.75, 7.875, 7.875, 8.125], "texture": "#0"},
				"east": {"uv": [2.625, 7.375, 3, 7.625], "texture": "#0"},
				"south": {"uv": [7.875, 7.875, 10, 8.125], "texture": "#0"},
				"west": {"uv": [9.875, 2.875, 10.25, 3.125], "texture": "#0"},
				"up": {"uv": [8.625, 5, 6.5, 4.625], "texture": "#0"},
				"down": {"uv": [8.625, 5, 6.5, 5.375], "texture": "#0"}
			}
		},
		{
			"from": [-4, 6, -4],
			"to": [13, 7, -3],
			"rotation": {"angle": 0, "axis": "y", "origin": [6, 6, -3]},
			"faces": {
				"north": {"uv": [8.5, 6, 10.625, 6.125], "texture": "#0"},
				"east": {"uv": [9.75, 3.75, 9.875, 3.875], "texture": "#0"},
				"south": {"uv": [8.5, 6.125, 10.625, 6.25], "texture": "#0"},
				"west": {"uv": [10.125, 3.125, 10.25, 3.25], "texture": "#0"},
				"up": {"uv": [10.625, 6.375, 8.5, 6.25], "texture": "#0"},
				"down": {"uv": [10.625, 6.375, 8.5, 6.5], "texture": "#0"}
			}
		},
		{
			"from": [-4, 7, -3],
			"to": [13, 8, -2],
			"rotation": {"angle": 0, "axis": "y", "origin": [6, 7, -2]},
			"faces": {
				"north": {"uv": [8.5, 7.625, 10.625, 7.75], "texture": "#0"},
				"east": {"uv": [10.125, 4.5, 10.25, 4.625], "texture": "#0"},
				"south": {"uv": [8.5, 7.75, 10.625, 7.875], "texture": "#0"},
				"west": {"uv": [10.125, 4.625, 10.25, 4.75], "texture": "#0"},
				"up": {"uv": [10.625, 8.375, 8.5, 8.25], "texture": "#0"},
				"down": {"uv": [10.625, 8.375, 8.5, 8.5], "texture": "#0"}
			}
		},
		{
			"from": [12, 7, -2],
			"to": [14, 8, 2],
			"rotation": {"angle": 0, "axis": "y", "origin": [6, 7, -1]},
			"faces": {
				"north": {"uv": [1.25, 10.5, 1.5, 10.625], "texture": "#0"},
				"east": {"uv": [10.375, 4, 10.875, 4.125], "texture": "#0"},
				"south": {"uv": [10.5, 1.25, 10.75, 1.375], "texture": "#0"},
				"west": {"uv": [10.375, 4.125, 10.875, 4.25], "texture": "#0"},
				"up": {"uv": [9.75, 10.375, 9.5, 9.875], "texture": "#0"},
				"down": {"uv": [10.125, 9.625, 9.875, 10.125], "texture": "#0"}
			}
		},
		{
			"from": [13, 7, 0],
			"to": [15, 8, 4],
			"rotation": {"angle": 0, "axis": "y", "origin": [7, 7, 1]},
			"faces": {
				"north": {"uv": [10.5, 1.375, 10.75, 1.5], "texture": "#0"},
				"east": {"uv": [10.375, 4.25, 10.875, 4.375], "texture": "#0"},
				"south": {"uv": [10.5, 1.5, 10.75, 1.625], "texture": "#0"},
				"west": {"uv": [4.375, 10.375, 4.875, 10.5], "texture": "#0"},
				"up": {"uv": [10.25, 0.5, 10, 0], "texture": "#0"},
				"down": {"uv": [3, 10, 2.75, 10.5], "texture": "#0"}
			}
		},
		{
			"from": [-5, 7, -2],
			"to": [-3, 8, 2],
			"rotation": {"angle": 0, "axis": "y", "origin": [-11, 7, -1]},
			"faces": {
				"north": {"uv": [10.5, 1.625, 10.75, 1.75], "texture": "#0"},
				"east": {"uv": [10.375, 4.375, 10.875, 4.5], "texture": "#0"},
				"south": {"uv": [10.5, 1.75, 10.75, 1.875], "texture": "#0"},
				"west": {"uv": [4.875, 10.375, 5.375, 10.5], "texture": "#0"},
				"up": {"uv": [3.5, 10.5, 3.25, 10], "texture": "#0"},
				"down": {"uv": [3.75, 10, 3.5, 10.5], "texture": "#0"}
			}
		},
		{
			"from": [-7, 0, -1],
			"to": [16, 1, 13],
			"rotation": {"angle": 0, "axis": "y", "origin": [0, 0, -3]},
			"faces": {
				"north": {"uv": [8.125, 7.375, 11, 7.5], "texture": "#0"},
				"east": {"uv": [1.5, 8, 3.25, 8.125], "texture": "#0"},
				"south": {"uv": [8.125, 7.5, 11, 7.625], "texture": "#0"},
				"west": {"uv": [8.625, 5.125, 10.375, 5.25], "texture": "#0"},
				"up": {"uv": [5.375, 1.75, 2.5, 0], "texture": "#0"},
				"down": {"uv": [5.375, 1.75, 2.5, 3.5], "texture": "#0"}
			}
		},
		{
			"from": [16, 0, 0],
			"to": [17, 1, 11],
			"rotation": {"angle": 0, "axis": "y", "origin": [1, 0, -3]},
			"faces": {
				"north": {"uv": [2.375, 10.5, 2.5, 10.625], "texture": "#0"},
				"east": {"uv": [8.625, 5.25, 10, 5.375], "texture": "#0"},
				"south": {"uv": [2.75, 10.5, 2.875, 10.625], "texture": "#0"},
				"west": {"uv": [9, 5, 10.375, 5.125], "texture": "#0"},
				"up": {"uv": [7, 10.625, 6.875, 9.25], "texture": "#0"},
				"down": {"uv": [2.75, 9.375, 2.625, 10.75], "texture": "#0"}
			}
		},
		{
			"from": [-5, 0, 14],
			"to": [14, 1, 15],
			"rotation": {"angle": 0, "axis": "y", "origin": [0, 0, 2]},
			"faces": {
				"north": {"uv": [8.375, 0.75, 10.75, 0.875], "texture": "#0"},
				"east": {"uv": [10.125, 10, 10.25, 10.125], "texture": "#0"},
				"south": {"uv": [8.5, 5.375, 10.875, 5.5], "texture": "#0"},
				"west": {"uv": [2.25, 10.5, 2.375, 10.625], "texture": "#0"},
				"up": {"uv": [10.875, 5.625, 8.5, 5.5], "texture": "#0"},
				"down": {"uv": [10.875, 5.625, 8.5, 5.75], "texture": "#0"}
			}
		},
		{
			"from": [-7, 1, 13],
			"to": [-5, 4, 15],
			"rotation": {"angle": 0, "axis": "y", "origin": [-2, 0, 2]},
			"faces": {
				"north": {"uv": [4.875, 10, 5.125, 10.375], "texture": "#0"},
				"east": {"uv": [5.125, 10, 5.375, 10.375], "texture": "#0"},
				"south": {"uv": [5.625, 10, 5.875, 10.375], "texture": "#0"},
				"west": {"uv": [7, 10, 7.25, 10.375], "texture": "#0"},
				"up": {"uv": [10.625, 5.25, 10.375, 5], "texture": "#0"},
				"down": {"uv": [5.875, 10.375, 5.625, 10.625], "texture": "#0"}
			}
		},
		{
			"from": [-8, 1, 11],
			"to": [-6, 4, 13],
			"rotation": {"angle": 0, "axis": "y", "origin": [-3, 0, 0]},
			"faces": {
				"north": {"uv": [10.125, 8.5, 10.375, 8.875], "texture": "#0"},
				"east": {"uv": [10.125, 8.875, 10.375, 9.25], "texture": "#0"},
				"south": {"uv": [10.125, 9.25, 10.375, 9.625], "texture": "#0"},
				"west": {"uv": [10.125, 9.625, 10.375, 10], "texture": "#0"},
				"up": {"uv": [8.5, 10.625, 8.25, 10.375], "texture": "#0"},
				"down": {"uv": [8.75, 10.375, 8.5, 10.625], "texture": "#0"}
			}
		},
		{
			"from": [-8, 4, 12],
			"to": [-6, 9, 15],
			"rotation": {"angle": 0, "axis": "y", "origin": [-3, 3, 1]},
			"faces": {
				"north": {"uv": [9.75, 10.125, 10, 10.5], "texture": "#0"},
				"east": {"uv": [9.375, 9.125, 9.75, 9.5], "texture": "#0"},
				"south": {"uv": [10, 10.125, 10.25, 10.5], "texture": "#0"},
				"west": {"uv": [1.5, 9.5, 1.875, 9.875], "texture": "#0"},
				"up": {"uv": [10.5, 0.375, 10.25, 0], "texture": "#0"},
				"down": {"uv": [10.5, 1.125, 10.25, 1.5], "texture": "#0"}
			}
		},
		{
			"from": [16, 4, 12],
			"to": [18, 10, 15],
			"rotation": {"angle": 0, "axis": "y", "origin": [21, 3, 1]},
			"faces": {
				"north": {"uv": [10.25, 1.5, 10.5, 1.875], "texture": "#0"},
				"east": {"uv": [1.875, 9.5, 2.25, 9.875], "texture": "#0"},
				"south": {"uv": [10.25, 2.875, 10.5, 3.25], "texture": "#0"},
				"west": {"uv": [9.5, 3.875, 9.875, 4.25], "texture": "#0"},
				"up": {"uv": [3.25, 10.625, 3, 10.25], "texture": "#0"},
				"down": {"uv": [4, 10.25, 3.75, 10.625], "texture": "#0"}
			}
		},
		{
			"from": [15, 4, 14],
			"to": [17, 13, 17],
			"rotation": {"angle": 0, "axis": "y", "origin": [20, 3, 3]},
			"faces": {
				"north": {"uv": [2.75, 6.25, 3, 7.375], "texture": "#0"},
				"east": {"uv": [8.125, 5.375, 8.5, 6.5], "texture": "#0"},
				"south": {"uv": [1.5, 8.375, 1.75, 9.5], "texture": "#0"},
				"west": {"uv": [5.875, 8.125, 6.25, 9.25], "texture": "#0"},
				"up": {"uv": [4.25, 10.625, 4, 10.25], "texture": "#0"},
				"down": {"uv": [10.5, 4.5, 10.25, 4.875], "texture": "#0"}
			}
		},
		{
			"from": [-7, 4, 14],
			"to": [-5, 13, 17],
			"rotation": {"angle": 0, "axis": "y", "origin": [-2, 3, 3]},
			"faces": {
				"north": {"uv": [1.75, 8.375, 2, 9.5], "texture": "#0"},
				"east": {"uv": [6.25, 8.125, 6.625, 9.25], "texture": "#0"},
				"south": {"uv": [2, 8.375, 2.25, 9.5], "texture": "#0"},
				"west": {"uv": [6.625, 8.125, 7, 9.25], "texture": "#0"},
				"up": {"uv": [7.75, 10.625, 7.5, 10.25], "texture": "#0"},
				"down": {"uv": [8, 10.25, 7.75, 10.625], "texture": "#0"}
			}
		},
		{
			"from": [-8, 9, 13],
			"to": [-6, 25, 18],
			"rotation": {"angle": 0, "axis": "y", "origin": [-2, 12, 3]},
			"faces": {
				"north": {"uv": [0.5, 7.875, 0.75, 10.125], "texture": "#0"},
				"east": {"uv": [3, 5.375, 3.625, 7.625], "texture": "#0"},
				"south": {"uv": [0.75, 7.875, 1, 10.125], "texture": "#0"},
				"west": {"uv": [3.625, 5.375, 4.25, 7.625], "texture": "#0"},
				"up": {"uv": [4.625, 10, 4.375, 9.375], "texture": "#0"},
				"down": {"uv": [4.875, 9.375, 4.625, 10], "texture": "#0"}
			}
		},
		{
			"from": [16, 10, 13],
			"to": [18, 25, 18],
			"rotation": {"angle": 0, "axis": "y", "origin": [22, 12, 3]},
			"faces": {
				"north": {"uv": [1, 7.875, 1.25, 10.125], "texture": "#0"},
				"east": {"uv": [4.25, 5.375, 4.875, 7.625], "texture": "#0"},
				"south": {"uv": [1.25, 7.875, 1.5, 10.125], "texture": "#0"},
				"west": {"uv": [4.875, 5.375, 5.5, 7.625], "texture": "#0"},
				"up": {"uv": [5.125, 10, 4.875, 9.375], "texture": "#0"},
				"down": {"uv": [5.375, 9.375, 5.125, 10], "texture": "#0"}
			}
		},
		{
			"from": [15, 8, 17],
			"to": [16, 26, 19],
			"rotation": {"angle": 0, "axis": "y", "origin": [21, 12, 4]},
			"faces": {
				"north": {"uv": [3.375, 8.375, 3.5, 10], "texture": "#0"},
				"east": {"uv": [7, 8.125, 7.25, 9.75], "texture": "#0"},
				"south": {"uv": [3.5, 8.375, 3.625, 10], "texture": "#0"},
				"west": {"uv": [7.25, 8.125, 7.5, 9.75], "texture": "#0"},
				"up": {"uv": [8.5, 9.125, 8.375, 8.875], "texture": "#0"},
				"down": {"uv": [3.375, 9.75, 3.25, 10], "texture": "#0"}
			}
		},
		{
			"from": [-6, 8, 17],
			"to": [-5, 26, 19],
			"rotation": {"angle": 0, "axis": "y", "origin": [0, 12, 4]},
			"faces": {
				"north": {"uv": [5.625, 8.375, 5.75, 10], "texture": "#0"},
				"east": {"uv": [7.5, 8.125, 7.75, 9.75], "texture": "#0"},
				"south": {"uv": [5.75, 8.375, 5.875, 10], "texture": "#0"},
				"west": {"uv": [7.75, 8.125, 8, 9.75], "texture": "#0"},
				"up": {"uv": [9.875, 10.125, 9.75, 9.875], "texture": "#0"},
				"down": {"uv": [10.125, 8.875, 10, 9.125], "texture": "#0"}
			}
		},
		{
			"from": [-5, 6, 18],
			"to": [15, 26, 19],
			"rotation": {"angle": 0, "axis": "y", "origin": [0, 3, 3]},
			"faces": {
				"north": {"uv": [0, 0, 2.5, 2.5], "texture": "#0"},
				"east": {"uv": [0, 7.875, 0.25, 10.375], "texture": "#0"},
				"south": {"uv": [0, 2.5, 2.5, 5], "texture": "#0"},
				"west": {"uv": [0.25, 7.875, 0.5, 10.375], "texture": "#0"},
				"up": {"uv": [10.125, 6.75, 7.625, 6.5], "texture": "#0"},
				"down": {"uv": [10.375, 0.875, 7.875, 1.125], "texture": "#0"}
			}
		},
		{
			"from": [-6, 24, 16],
			"to": [16, 27, 18],
			"rotation": {"angle": 0, "axis": "y", "origin": [0, 12, 3]},
			"faces": {
				"north": {"uv": [5.375, 2.375, 8.125, 2.75], "texture": "#0"},
				"east": {"uv": [10.25, 10, 10.5, 10.375], "texture": "#0"},
				"south": {"uv": [5.375, 2.75, 8.125, 3.125], "texture": "#0"},
				"west": {"uv": [0, 10.375, 0.25, 10.75], "texture": "#0"},
				"up": {"uv": [8.25, 7.125, 5.5, 6.875], "texture": "#0"},
				"down": {"uv": [8.25, 7.125, 5.5, 7.375], "texture": "#0"}
			}
		},
		{
			"from": [-4, 26, 14],
			"to": [14, 28, 17],
			"rotation": {"angle": 0, "axis": "y", "origin": [0, 14, 2]},
			"faces": {
				"north": {"uv": [7.875, 2.125, 10.125, 2.375], "texture": "#0"},
				"east": {"uv": [10, 7.875, 10.375, 8.125], "texture": "#0"},
				"south": {"uv": [3.5, 7.875, 5.75, 8.125], "texture": "#0"},
				"west": {"uv": [10.125, 6.5, 10.5, 6.75], "texture": "#0"},
				"up": {"uv": [2.25, 5.375, 0, 5], "texture": "#0"},
				"down": {"uv": [8.75, 3.5, 6.5, 3.875], "texture": "#0"}
			}
		},
		{
			"from": [-3, 27, 11],
			"to": [13, 29, 15],
			"rotation": {"angle": 0, "axis": "y", "origin": [0, 15, 0]},
			"faces": {
				"north": {"uv": [8.125, 2.875, 9.875, 3.125], "texture": "#0"},
				"east": {"uv": [10.25, 1.875, 10.625, 2.125], "texture": "#0"},
				"south": {"uv": [4.125, 8.125, 5.875, 8.375], "texture": "#0"},
				"west": {"uv": [10.25, 3.5, 10.625, 3.75], "texture": "#0"},
				"up": {"uv": [1.75, 7.875, 0, 7.5], "texture": "#0"},
				"down": {"uv": [3.5, 7.625, 1.75, 8], "texture": "#0"}
			}
		},
		{
			"from": [14, 22, 14],
			"to": [17, 27, 17],
			"rotation": {"angle": 0, "axis": "y", "origin": [9, 12, 2]},
			"faces": {
				"north": {"uv": [5.25, 8.375, 5.625, 9], "texture": "#0"},
				"east": {"uv": [8.5, 8.5, 8.875, 9.125], "texture": "#0"},
				"south": {"uv": [8.625, 3.875, 9, 4.5], "texture": "#0"},
				"west": {"uv": [8.625, 4.5, 9, 5.125], "texture": "#0"},
				"up": {"uv": [9.875, 4.625, 9.5, 4.25], "texture": "#0"},
				"down": {"uv": [9.875, 4.625, 9.5, 5], "texture": "#0"}
			}
		},
		{
			"from": [-7, 22, 14],
			"to": [-4, 27, 17],
			"rotation": {"angle": 0, "axis": "y", "origin": [-12, 12, 2]},
			"faces": {
				"north": {"uv": [8.875, 0, 9.25, 0.625], "texture": "#0"},
				"east": {"uv": [8, 8.875, 8.375, 9.5], "texture": "#0"},
				"south": {"uv": [8.875, 8.5, 9.25, 9.125], "texture": "#0"},
				"west": {"uv": [2.25, 9, 2.625, 9.625], "texture": "#0"},
				"up": {"uv": [9.5, 9.875, 9.125, 9.5], "texture": "#0"},
				"down": {"uv": [9.875, 9.5, 9.5, 9.875], "texture": "#0"}
			}
		},
		{
			"from": [13, 24, 12],
			"to": [17, 27, 15],
			"rotation": {"angle": 0, "axis": "y", "origin": [9, 12, 1]},
			"faces": {
				"north": {"uv": [9, 4.25, 9.5, 4.625], "texture": "#0"},
				"east": {"uv": [8, 9.5, 8.375, 9.875], "texture": "#0"},
				"south": {"uv": [4.375, 9, 4.875, 9.375], "texture": "#0"},
				"west": {"uv": [8.375, 9.5, 8.75, 9.875], "texture": "#0"},
				"up": {"uv": [9.5, 5, 9, 4.625], "texture": "#0"},
				"down": {"uv": [5.375, 9, 4.875, 9.375], "texture": "#0"}
			}
		},
		{
			"from": [-7, 24, 12],
			"to": [-3, 27, 15],
			"rotation": {"angle": 0, "axis": "y", "origin": [-11, 12, 1]},
			"faces": {
				"north": {"uv": [8.375, 9.125, 8.875, 9.5], "texture": "#0"},
				"east": {"uv": [9.5, 8.5, 9.875, 8.875], "texture": "#0"},
				"south": {"uv": [8.875, 9.125, 9.375, 9.5], "texture": "#0"},
				"west": {"uv": [8.75, 9.5, 9.125, 9.875], "texture": "#0"},
				"up": {"uv": [9.75, 0.375, 9.25, 0], "texture": "#0"},
				"down": {"uv": [9.75, 3.5, 9.25, 3.875], "texture": "#0"}
			}
		},
		{
			"from": [-3, 10, 19],
			"to": [13, 26, 20],
			"rotation": {"angle": 0, "axis": "y", "origin": [0, 3, 3]},
			"faces": {
				"north": {"uv": [2.5, 3.5, 4.5, 5.375], "texture": "#0"},
				"east": {"uv": [3.625, 8.125, 3.875, 10], "texture": "#0"},
				"south": {"uv": [4.5, 3.5, 6.5, 5.375], "texture": "#0"},
				"west": {"uv": [3.875, 8.125, 4.125, 10], "texture": "#0"},
				"up": {"uv": [10.125, 2.625, 8.125, 2.375], "texture": "#0"},
				"down": {"uv": [10.125, 2.625, 8.125, 2.875], "texture": "#0"}
			}
		},
		{
			"from": [14, 1, 13],
			"to": [16, 4, 15],
			"rotation": {"angle": 0, "axis": "y", "origin": [19, 0, 2]},
			"faces": {
				"north": {"uv": [7.25, 10, 7.5, 10.375], "texture": "#0"},
				"east": {"uv": [0.5, 10.125, 0.75, 10.5], "texture": "#0"},
				"south": {"uv": [0.75, 10.125, 1, 10.5], "texture": "#0"},
				"west": {"uv": [1, 10.125, 1.25, 10.5], "texture": "#0"},
				"up": {"uv": [7.25, 10.625, 7, 10.375], "texture": "#0"},
				"down": {"uv": [7.5, 10.375, 7.25, 10.625], "texture": "#0"}
			}
		},
		{
			"from": [15, 1, 11],
			"to": [17, 4, 13],
			"rotation": {"angle": 0, "axis": "y", "origin": [20, 0, 0]},
			"faces": {
				"north": {"uv": [2.25, 10.125, 2.5, 10.5], "texture": "#0"},
				"east": {"uv": [10.125, 2.5, 10.375, 2.875], "texture": "#0"},
				"south": {"uv": [10.125, 3.75, 10.375, 4.125], "texture": "#0"},
				"west": {"uv": [10.125, 4.125, 10.375, 4.5], "texture": "#0"},
				"up": {"uv": [10.625, 8.125, 10.375, 7.875], "texture": "#0"},
				"down": {"uv": [8.25, 10.375, 8, 10.625], "texture": "#0"}
			}
		},
		{
			"from": [-6, 1, 14],
			"to": [15, 4, 16],
			"rotation": {"angle": 0, "axis": "y", "origin": [17, 0, 3]},
			"faces": {
				"north": {"uv": [5.5, 5.75, 8.125, 6.125], "texture": "#0"},
				"east": {"uv": [1.25, 10.125, 1.5, 10.5], "texture": "#0"},
				"south": {"uv": [5.5, 6.125, 8.125, 6.5], "texture": "#0"},
				"west": {"uv": [10.125, 2.125, 10.375, 2.5], "texture": "#0"},
				"up": {"uv": [2.625, 7.5, 0, 7.25], "texture": "#0"},
				"down": {"uv": [8.125, 7.375, 5.5, 7.625], "texture": "#0"}
			}
		},
		{
			"from": [-5, 2, 15],
			"to": [14, 4, 17],
			"rotation": {"angle": 0, "axis": "y", "origin": [17, 0, 3]},
			"faces": {
				"north": {"uv": [7.875, 1.125, 10.25, 1.375], "texture": "#0"},
				"east": {"uv": [8.875, 10.375, 9.125, 10.625], "texture": "#0"},
				"south": {"uv": [7.875, 1.375, 10.25, 1.625], "texture": "#0"},
				"west": {"uv": [10.375, 9, 10.625, 9.25], "texture": "#0"},
				"up": {"uv": [10.25, 1.875, 7.875, 1.625], "texture": "#0"},
				"down": {"uv": [10.25, 1.875, 7.875, 2.125], "texture": "#0"}
			}
		},
		{
			"from": [-6, 3, -4],
			"to": [-4, 6, 0],
			"rotation": {"angle": 0, "axis": "y", "origin": [0, 0, -3]},
			"faces": {
				"north": {"uv": [2.25, 5, 2.5, 5.375], "texture": "#0"},
				"east": {"uv": [2.125, 6.875, 2.625, 7.25], "texture": "#0"},
				"south": {"uv": [9.875, 8.5, 10.125, 8.875], "texture": "#0"},
				"west": {"uv": [8.75, 3.5, 9.25, 3.875], "texture": "#0"},
				"up": {"uv": [2.5, 10.125, 2.25, 9.625], "texture": "#0"},
				"down": {"uv": [10, 0, 9.75, 0.5], "texture": "#0"}
			}
		},
		{
			"from": [-6, 1, -3],
			"to": [-4, 3, 1],
			"rotation": {"angle": 0, "axis": "y", "origin": [0, 0, -3]},
			"faces": {
				"north": {"uv": [10.375, 0.875, 10.625, 1.125], "texture": "#0"},
				"east": {"uv": [9.25, 0.375, 9.75, 0.625], "texture": "#0"},
				"south": {"uv": [1.875, 10.375, 2.125, 10.625], "texture": "#0"},
				"west": {"uv": [9.5, 8.875, 10, 9.125], "texture": "#0"},
				"up": {"uv": [3.25, 10.25, 3, 9.75], "texture": "#0"},
				"down": {"uv": [4.375, 9.75, 4.125, 10.25], "texture": "#0"}
			}
		},
		{
			"from": [-7, 1, -2],
			"to": [-6, 6, 1],
			"rotation": {"angle": 0, "axis": "y", "origin": [0, 0, -3]},
			"faces": {
				"north": {"uv": [2.5, 9.625, 2.625, 10.25], "texture": "#0"},
				"east": {"uv": [2.25, 8.375, 2.625, 9], "texture": "#0"},
				"south": {"uv": [2.5, 10.25, 2.625, 10.875], "texture": "#0"},
				"west": {"uv": [2.625, 8.375, 3, 9], "texture": "#0"},
				"up": {"uv": [9.25, 10.75, 9.125, 10.375], "texture": "#0"},
				"down": {"uv": [9.375, 10.375, 9.25, 10.75], "texture": "#0"}
			}
		},
		{
			"from": [-7, 2, -3],
			"to": [-6, 6, -2],
			"rotation": {"angle": 0, "axis": "y", "origin": [0, 0, -4]},
			"faces": {
				"north": {"uv": [2.625, 6.875, 2.75, 7.375], "texture": "#0"},
				"east": {"uv": [2.125, 10.375, 2.25, 10.875], "texture": "#0"},
				"south": {"uv": [10.375, 8.5, 10.5, 9], "texture": "#0"},
				"west": {"uv": [8.75, 10.375, 8.875, 10.875], "texture": "#0"},
				"up": {"uv": [3, 10.625, 2.875, 10.5], "texture": "#0"},
				"down": {"uv": [10.625, 2.875, 10.5, 3], "texture": "#0"}
			}
		},
		{
			"from": [15, 1, -2],
			"to": [16, 6, 1],
			"rotation": {"angle": 0, "axis": "y", "origin": [22, 0, -3]},
			"faces": {
				"north": {"uv": [4.25, 10.25, 4.375, 10.875], "texture": "#0"},
				"east": {"uv": [3, 8.375, 3.375, 9], "texture": "#0"},
				"south": {"uv": [0.25, 10.375, 0.375, 11], "texture": "#0"},
				"west": {"uv": [4.125, 8.375, 4.5, 9], "texture": "#0"},
				"up": {"uv": [10.5, 9.75, 10.375, 9.375], "texture": "#0"},
				"down": {"uv": [10.375, 10.375, 10.25, 10.75], "texture": "#0"}
			}
		},
		{
			"from": [16, 1, -1],
			"to": [17, 6, 2],
			"rotation": {"angle": 0, "axis": "y", "origin": [23, 0, -2]},
			"faces": {
				"north": {"uv": [1.625, 10.375, 1.75, 11], "texture": "#0"},
				"east": {"uv": [4.5, 8.375, 4.875, 9], "texture": "#0"},
				"south": {"uv": [1.75, 10.375, 1.875, 11], "texture": "#0"},
				"west": {"uv": [4.875, 8.375, 5.25, 9], "texture": "#0"},
				"up": {"uv": [10.5, 10.75, 10.375, 10.375], "texture": "#0"},
				"down": {"uv": [10.625, 0, 10.5, 0.375], "texture": "#0"}
			}
		},
		{
			"from": [17, 1, 0],
			"to": [18, 6, 11],
			"rotation": {"angle": 0, "axis": "y", "origin": [23, 0, -1]},
			"faces": {
				"north": {"uv": [0.375, 10.375, 0.5, 11], "texture": "#0"},
				"east": {"uv": [0, 6.25, 1.375, 6.875], "texture": "#0"},
				"south": {"uv": [1.5, 10.375, 1.625, 11], "texture": "#0"},
				"west": {"uv": [1.375, 6.25, 2.75, 6.875], "texture": "#0"},
				"up": {"uv": [6.75, 10.625, 6.625, 9.25], "texture": "#0"},
				"down": {"uv": [6.875, 9.25, 6.75, 10.625], "texture": "#0"}
			}
		},
		{
			"from": [-7, 4, 9],
			"to": [17, 5, 16],
			"rotation": {"angle": 0, "axis": "y", "origin": [22, 0, 7]},
			"faces": {
				"north": {"uv": [7.625, 6.75, 10.625, 6.875], "texture": "#0"},
				"east": {"uv": [1.75, 7.5, 2.625, 7.625], "texture": "#0"},
				"south": {"uv": [8, 3.375, 11, 3.5], "texture": "#0"},
				"west": {"uv": [9.75, 0.5, 10.625, 0.625], "texture": "#0"},
				"up": {"uv": [3, 6.25, 0, 5.375], "texture": "#0"},
				"down": {"uv": [8.375, 0, 5.375, 0.875], "texture": "#0"}
			}
		},
		{
			"from": [-5, 4, 16],
			"to": [15, 12, 18],
			"rotation": {"angle": 0, "axis": "y", "origin": [22, 0, 8]},
			"faces": {
				"north": {"uv": [5.375, 0.875, 7.875, 1.625], "texture": "#0"},
				"east": {"uv": [3.125, 9, 3.375, 9.75], "texture": "#0"},
				"south": {"uv": [5.375, 1.625, 7.875, 2.375], "texture": "#0"},
				"west": {"uv": [4.125, 9, 4.375, 9.75], "texture": "#0"},
				"up": {"uv": [6, 7.875, 3.5, 7.625], "texture": "#0"},
				"down": {"uv": [8.5, 7.625, 6, 7.875], "texture": "#0"}
			}
		},
		{
			"from": [-8, 1, -1],
			"to": [-6, 6, 3],
			"rotation": {"angle": 0, "axis": "y", "origin": [-1, 0, -2]},
			"faces": {
				"north": {"uv": [9.25, 8.5, 9.5, 9.125], "texture": "#0"},
				"east": {"uv": [8, 8.25, 8.5, 8.875], "texture": "#0"},
				"south": {"uv": [2.75, 9.375, 3, 10], "texture": "#0"},
				"west": {"uv": [8.375, 0, 8.875, 0.625], "texture": "#0"},
				"up": {"uv": [8.5, 10.375, 8.25, 9.875], "texture": "#0"},
				"down": {"uv": [8.75, 9.875, 8.5, 10.375], "texture": "#0"}
			}
		},
		{
			"from": [-6, 0, -2],
			"to": [15, 1, 1],
			"rotation": {"angle": 0, "axis": "y", "origin": [0, 0, -3]},
			"faces": {
				"north": {"uv": [8, 8.125, 10.625, 8.25], "texture": "#0"},
				"east": {"uv": [10.375, 9.25, 10.75, 9.375], "texture": "#0"},
				"south": {"uv": [8.25, 6.875, 10.875, 7], "texture": "#0"},
				"west": {"uv": [9.375, 10.375, 9.75, 10.5], "texture": "#0"},
				"up": {"uv": [8, 3.5, 5.375, 3.125], "texture": "#0"},
				"down": {"uv": [8.125, 5.375, 5.5, 5.75], "texture": "#0"}
			}
		},
		{
			"from": [-4, 0, -3],
			"to": [13, 2, 0],
			"rotation": {"angle": 0, "axis": "y", "origin": [0, 0, -3]},
			"faces": {
				"north": {"uv": [8, 3.125, 10.125, 3.375], "texture": "#0"},
				"east": {"uv": [9.875, 4.75, 10.25, 5], "texture": "#0"},
				"south": {"uv": [1.5, 8.125, 3.625, 8.375], "texture": "#0"},
				"west": {"uv": [3.75, 10, 4.125, 10.25], "texture": "#0"},
				"up": {"uv": [7.625, 6.875, 5.5, 6.5], "texture": "#0"},
				"down": {"uv": [2.125, 6.875, 0, 7.25], "texture": "#0"}
			}
		},
		{
			"from": [13, 1, -3],
			"to": [15, 3, 1],
			"rotation": {"angle": 0, "axis": "y", "origin": [0, 0, -3]},
			"faces": {
				"north": {"uv": [10.375, 2.125, 10.625, 2.375], "texture": "#0"},
				"east": {"uv": [9.75, 3.5, 10.25, 3.75], "texture": "#0"},
				"south": {"uv": [10.375, 2.375, 10.625, 2.625], "texture": "#0"},
				"west": {"uv": [7, 9.75, 7.5, 10], "texture": "#0"},
				"up": {"uv": [7.75, 10.25, 7.5, 9.75], "texture": "#0"},
				"down": {"uv": [8, 9.75, 7.75, 10.25], "texture": "#0"}
			}
		},
		{
			"from": [13, 3, -4],
			"to": [15, 6, 0],
			"rotation": {"angle": 0, "axis": "y", "origin": [0, 0, -3]},
			"faces": {
				"north": {"uv": [4.375, 10, 4.625, 10.375], "texture": "#0"},
				"east": {"uv": [2.625, 9, 3.125, 9.375], "texture": "#0"},
				"south": {"uv": [4.625, 10, 4.875, 10.375], "texture": "#0"},
				"west": {"uv": [9, 3.875, 9.5, 4.25], "texture": "#0"},
				"up": {"uv": [1.75, 10.375, 1.5, 9.875], "texture": "#0"},
				"down": {"uv": [2, 9.875, 1.75, 10.375], "texture": "#0"}
			}
		},
		{
			"from": [-6, 6, -3],
			"to": [-4, 7, 1],
			"rotation": {"angle": 0, "axis": "y", "origin": [0, 0, -3]},
			"faces": {
				"north": {"uv": [1.5, 7.875, 1.75, 8], "texture": "#0"},
				"east": {"uv": [10, 5.25, 10.5, 5.375], "texture": "#0"},
				"south": {"uv": [3.25, 8, 3.5, 8.125], "texture": "#0"},
				"west": {"uv": [10.125, 3.25, 10.625, 3.375], "texture": "#0"},
				"up": {"uv": [2.25, 10.375, 2, 9.875], "texture": "#0"},
				"down": {"uv": [10.125, 3.75, 9.875, 4.25], "texture": "#0"}
			}
		},
		{
			"from": [-7, 6, -1],
			"to": [-5, 7, 3],
			"rotation": {"angle": 0, "axis": "y", "origin": [-1, 0, -1]},
			"faces": {
				"north": {"uv": [0.5, 10.5, 0.75, 10.625], "texture": "#0"},
				"east": {"uv": [10.375, 2.625, 10.875, 2.75], "texture": "#0"},
				"south": {"uv": [0.75, 10.5, 1, 10.625], "texture": "#0"},
				"west": {"uv": [10.375, 2.75, 10.875, 2.875], "texture": "#0"},
				"up": {"uv": [9, 10.375, 8.75, 9.875], "texture": "#0"},
				"down": {"uv": [9.25, 9.875, 9, 10.375], "texture": "#0"}
			}
		},
		{
			"from": [14, 6, -1],
			"to": [16, 7, 3],
			"rotation": {"angle": 0, "axis": "y", "origin": [20, 0, -1]},
			"faces": {
				"north": {"uv": [1, 10.5, 1.25, 10.625], "texture": "#0"},
				"east": {"uv": [10.375, 3.75, 10.875, 3.875], "texture": "#0"},
				"south": {"uv": [10.5, 1.125, 10.75, 1.25], "texture": "#0"},
				"west": {"uv": [10.375, 3.875, 10.875, 4], "texture": "#0"},
				"up": {"uv": [10.125, 9.625, 9.875, 9.125], "texture": "#0"},
				"down": {"uv": [9.5, 9.875, 9.25, 10.375], "texture": "#0"}
			}
		},
		{
			"from": [13, 6, -3],
			"to": [15, 7, 1],
			"rotation": {"angle": 0, "axis": "y", "origin": [19, 0, -3]},
			"faces": {
				"north": {"uv": [10.375, 9.75, 10.625, 9.875], "texture": "#0"},
				"east": {"uv": [10.25, 0.375, 10.75, 0.5], "texture": "#0"},
				"south": {"uv": [10.375, 9.875, 10.625, 10], "texture": "#0"},
				"west": {"uv": [10.25, 4.875, 10.75, 5], "texture": "#0"},
				"up": {"uv": [10.125, 4.75, 9.875, 4.25], "texture": "#0"},
				"down": {"uv": [8.25, 9.875, 8, 10.375], "texture": "#0"}
			}
		},
		{
			"from": [0, 0, 1],
			"to": [1, 12, 2],
			"rotation": {"angle": 45, "axis": "x", "origin": [0, 5, 1]},
			"faces": {
				"north": {"uv": [5.375, 9, 5.5, 10.5], "texture": "#0"},
				"east": {"uv": [5.5, 9, 5.625, 10.5], "texture": "#0"},
				"south": {"uv": [5.875, 9.25, 6, 10.75], "texture": "#0"},
				"west": {"uv": [6, 9.25, 6.125, 10.75], "texture": "#0"},
				"up": {"uv": [10.625, 3.125, 10.5, 3], "texture": "#0"},
				"down": {"uv": [10.625, 3.125, 10.5, 3.25], "texture": "#0"}
			}
		},
		{
			"from": [9, 0, 1],
			"to": [10, 12, 2],
			"rotation": {"angle": 45, "axis": "x", "origin": [9, 5, 1]},
			"faces": {
				"north": {"uv": [6.125, 9.25, 6.25, 10.75], "texture": "#0"},
				"east": {"uv": [6.25, 9.25, 6.375, 10.75], "texture": "#0"},
				"south": {"uv": [6.375, 9.25, 6.5, 10.75], "texture": "#0"},
				"west": {"uv": [6.5, 9.25, 6.625, 10.75], "texture": "#0"},
				"up": {"uv": [3.375, 10.625, 3.25, 10.5], "texture": "#0"},
				"down": {"uv": [3.5, 10.5, 3.375, 10.625], "texture": "#0"}
			}
		},
		{
			"from": [-5, 12, 1],
			"to": [15, 13, 2],
			"rotation": {"angle": 45, "axis": "x", "origin": [9, 5, 1]},
			"faces": {
				"north": {"uv": [8.25, 7, 10.75, 7.125], "texture": "#0"},
				"east": {"uv": [3.5, 10.5, 3.625, 10.625], "texture": "#0"},
				"south": {"uv": [8.25, 7.125, 10.75, 7.25], "texture": "#0"},
				"west": {"uv": [3.625, 10.5, 3.75, 10.625], "texture": "#0"},
				"up": {"uv": [10.75, 7.375, 8.25, 7.25], "texture": "#0"},
				"down": {"uv": [10.875, 0.625, 8.375, 0.75], "texture": "#0"}
			}
		}
	]
}