{
	"credit": "Made with Blockbench",
	"textures": {
		"0": "block/oak_log",
		"1": "block/oak_log_top",
		"2": "block/black_concrete",
		"3": "block/black_terracotta",
		"5": "block/iron_trapdoor",
		"particle": "block/oak_log"
	},
	"elements": [
		{
			"from": [2, 0, -11],
			"to": [14, 1, 27],
			"rotation": {"angle": 0, "axis": "y", "origin": [6, 0, 0]},
			"faces": {
				"north": {"uv": [0, 0, 12, 1], "texture": "#2"},
				"east": {"uv": [0, 0, 16, 1], "texture": "#2"},
				"south": {"uv": [0, 0, 12, 1], "texture": "#2"},
				"west": {"uv": [0, 0, 16, 1], "texture": "#2"},
				"up": {"uv": [0, 0, 12, 16], "texture": "#missing"},
				"down": {"uv": [0, 0, 12, 16], "texture": "#2"}
			}
		},
		{
			"from": [4, 2, 28],
			"to": [7, 11, 29],
			"rotation": {"angle": 0, "axis": "y", "origin": [5, 0, 0]},
			"faces": {
				"north": {"uv": [0, 0, 3, 9], "texture": "#missing"},
				"east": {"uv": [0, 0, 1, 9], "texture": "#2"},
				"south": {"uv": [0, 0, 3, 9], "texture": "#2"},
				"west": {"uv": [0, 0, 1, 9], "texture": "#2"},
				"up": {"uv": [0, 0, 3, 1], "texture": "#2"},
				"down": {"uv": [0, 0, 3, 1], "texture": "#2"}
			}
		},
		{
			"from": [9, 2, 28],
			"to": [12, 11, 29],
			"rotation": {"angle": 0, "axis": "y", "origin": [11, 0, 0]},
			"faces": {
				"north": {"uv": [0, 0, 3, 9], "texture": "#missing"},
				"east": {"uv": [0, 0, 1, 9], "texture": "#2"},
				"south": {"uv": [0, 0, 3, 9], "texture": "#2"},
				"west": {"uv": [0, 0, 1, 9], "texture": "#2"},
				"up": {"uv": [0, 0, 3, 1], "texture": "#2"},
				"down": {"uv": [0, 0, 3, 1], "texture": "#2"}
			}
		},
		{
			"from": [1, 1, -11],
			"to": [15, 2, 27],
			"rotation": {"angle": 0, "axis": "y", "origin": [0, 0, -11]},
			"faces": {
				"north": {"uv": [0, 0, 14, 1], "texture": "#missing"},
				"east": {"uv": [0, 0, 1, 16], "rotation": 90, "texture": "#0"},
				"south": {"uv": [0, 0, 14, 1], "texture": "#missing"},
				"west": {"uv": [0, 0, 16, 1], "texture": "#0"},
				"up": {"uv": [0, 0, 14, 16], "texture": "#0"},
				"down": {"uv": [0, 0, 16, 16], "texture": "#0"}
			}
		},
		{
			"from": [1, 1, -12],
			"to": [15, 11, -11],
			"rotation": {"angle": 0, "axis": "y", "origin": [0, 0, -11]},
			"faces": {
				"north": {"uv": [0, 0, 14, 10], "texture": "#missing"},
				"east": {"uv": [0, 0, 10, 1], "rotation": 90, "texture": "#0"},
				"south": {"uv": [0, 0, 16, 16], "texture": "#1"},
				"west": {"uv": [0, 0, 1, 10], "texture": "#0"},
				"up": {"uv": [0, 0, 14, 1], "texture": "#0"},
				"down": {"uv": [0, 0, 14, 1], "texture": "#missing"}
			}
		},
		{
			"from": [1, 5, -14],
			"to": [15, 11, -12],
			"rotation": {"angle": 0, "axis": "y", "origin": [0, 0, -13]},
			"faces": {
				"north": {"uv": [0, 0, 16, 9], "texture": "#1"},
				"east": {"uv": [0, 0, 6, 2], "rotation": 90, "texture": "#0"},
				"south": {"uv": [0, 0, 14, 6], "texture": "#missing"},
				"west": {"uv": [0, 0, 9, 4], "rotation": 90, "texture": "#0"},
				"up": {"uv": [0, 0, 14, 2], "texture": "#0"},
				"down": {"uv": [0, 0, 1, 1], "texture": "#0"}
			}
		},
		{
			"from": [1, 1, -12],
			"to": [15, 6, -10],
			"rotation": {"angle": -22.5, "axis": "x", "origin": [0, 1, -11]},
			"faces": {
				"north": {"uv": [0, 8, 16, 16], "texture": "#1"},
				"east": {"uv": [0, 0, 5, 2], "rotation": 90, "texture": "#0"},
				"south": {"uv": [0, 6, 16, 16], "texture": "#1"},
				"west": {"uv": [0, 0, 5, 2], "rotation": 90, "texture": "#0"},
				"up": {"uv": [0, 0, 14, 2], "texture": "#missing"},
				"down": {"uv": [0, 0, 14, 2], "texture": "#0"}
			}
		},
		{
			"from": [1, 1, 27],
			"to": [15, 11, 28],
			"rotation": {"angle": 0, "axis": "y", "origin": [0, 0, 28]},
			"faces": {
				"north": {"uv": [0, 0, 14, 10], "texture": "#1"},
				"east": {"uv": [0, 0, 10, 1], "rotation": 90, "texture": "#0"},
				"south": {"uv": [0, 0, 14, 16], "texture": "#1"},
				"west": {"uv": [0, 0, 10, 1], "rotation": 90, "texture": "#0"},
				"up": {"uv": [0, 0, 14, 1], "texture": "#0"},
				"down": {"uv": [0, 0, 14, 1], "texture": "#0"}
			}
		},
		{
			"from": [0, 2, -11],
			"to": [1, 10, 27],
			"rotation": {"angle": 0, "axis": "y", "origin": [0, 0, -11]},
			"faces": {
				"north": {"uv": [0, 0, 1, 8], "texture": "#0"},
				"east": {"uv": [0, 0, 8, 16], "rotation": 90, "texture": "#0"},
				"south": {"uv": [0, 0, 1, 8], "texture": "#0"},
				"west": {"uv": [0, 0, 12, 16], "rotation": 90, "texture": "#0"},
				"up": {"uv": [0, 0, 16, 1], "rotation": 90, "texture": "#0"},
				"down": {"uv": [0, 0, 16, 1], "rotation": 90, "texture": "#0"}
			}
		},
		{
			"from": [15, 2, -11],
			"to": [16, 10, 27],
			"rotation": {"angle": 0, "axis": "y", "origin": [15, 0, -11]},
			"faces": {
				"north": {"uv": [0, 0, 1, 8], "texture": "#0"},
				"east": {"uv": [0, 0, 8, 16], "rotation": 90, "texture": "#0"},
				"south": {"uv": [0, 0, 1, 8], "texture": "#0"},
				"west": {"uv": [0, 0, 8, 16], "rotation": 90, "texture": "#0"},
				"up": {"uv": [0, 0, 1, 16], "texture": "#0"},
				"down": {"uv": [0, 0, 1, 16], "texture": "#0"}
			}
		},
		{
			"from": [14, 10, -11],
			"to": [15, 11, 27],
			"rotation": {"angle": 0, "axis": "y", "origin": [15, 0, -11]},
			"faces": {
				"north": {"uv": [0, 0, 1, 1], "texture": "#missing"},
				"east": {"uv": [0, 0, 1, 16], "rotation": 90, "texture": "#0"},
				"south": {"uv": [0, 0, 1, 1], "texture": "#missing"},
				"west": {"uv": [0, 0, 1, 16], "rotation": 90, "texture": "#0"},
				"up": {"uv": [0, 0, 1, 16], "texture": "#0"},
				"down": {"uv": [0, 0, 1, 16], "texture": "#0"}
			}
		},
		{
			"from": [1, 10, -11],
			"to": [2, 11, 27],
			"rotation": {"angle": 0, "axis": "y", "origin": [2, 0, -11]},
			"faces": {
				"north": {"uv": [0, 0, 1, 1], "texture": "#missing"},
				"east": {"uv": [0, 0, 1, 16], "rotation": 90, "texture": "#0"},
				"south": {"uv": [0, 0, 1, 1], "texture": "#missing"},
				"west": {"uv": [0, 0, -1, 16], "rotation": 90, "texture": "#0"},
				"up": {"uv": [0, 0, 1, 16], "texture": "#0"},
				"down": {"uv": [0, 0, 1, 16], "texture": "#0"}
			}
		},
		{
			"from": [5, 1, -11],
			"to": [11, 4, 25],
			"rotation": {"angle": 0, "axis": "y", "origin": [3, 3, 0]},
			"faces": {
				"north": {"uv": [0, 0, 6, 3], "texture": "#missing"},
				"east": {"uv": [0, 0, 16, 3], "texture": "#3"},
				"south": {"uv": [0, 0, 6, 3], "texture": "#missing"},
				"west": {"uv": [0, 0, 16, 3], "texture": "#3"},
				"up": {"uv": [0, 0, 6, 16], "texture": "#3"},
				"down": {"uv": [0, 0, 6, 16], "texture": "#missing"}
			}
		},
		{
			"from": [5, 2, 23],
			"to": [11, 12, 24],
			"rotation": {"angle": 22.5, "axis": "x", "origin": [3, 3, 24]},
			"faces": {
				"north": {"uv": [0, 0, 6, 10], "rotation": 180, "texture": "#3"},
				"east": {"uv": [0, 0, 10, 1], "rotation": 90, "texture": "#3"},
				"south": {"uv": [0, 0, 6, 10], "texture": "#3"},
				"west": {"uv": [0, 0, 10, 1], "rotation": 270, "texture": "#3"},
				"up": {"uv": [0, 0, 6, 1], "texture": "#3"},
				"down": {"uv": [0, 0, 6, 1], "rotation": 180, "texture": "#missing"}
			}
		},
		{
			"from": [5, 1, 23],
			"to": [11, 11, 24],
			"rotation": {"angle": 22.5, "axis": "x", "origin": [3, 2, 24]},
			"faces": {
				"north": {"uv": [0, 0, 6, 10], "rotation": 180, "texture": "#missing"},
				"east": {"uv": [0, 0, 10, 1], "rotation": 90, "texture": "#3"},
				"south": {"uv": [0, 0, 6, 10], "texture": "#missing"},
				"west": {"uv": [0, 0, 10, 1], "rotation": 270, "texture": "#3"},
				"up": {"uv": [0, 0, 6, 1], "texture": "#missing"},
				"down": {"uv": [0, 0, 6, 1], "rotation": 180, "texture": "#missing"}
			}
		},
		{
			"from": [5, 0, 23],
			"to": [11, 10, 24],
			"rotation": {"angle": 22.5, "axis": "x", "origin": [3, 1, 24]},
			"faces": {
				"north": {"uv": [0, 0, 6, 10], "rotation": 180, "texture": "#missing"},
				"east": {"uv": [0, 0, 10, 1], "rotation": 90, "texture": "#3"},
				"south": {"uv": [0, 0, 6, 10], "texture": "#missing"},
				"west": {"uv": [0, 0, 10, 1], "rotation": 270, "texture": "#3"},
				"up": {"uv": [0, 0, 6, 1], "texture": "#missing"},
				"down": {"uv": [0, 0, 6, 1], "rotation": 180, "texture": "#missing"}
			}
		},
		{
			"from": [5, 1, 23],
			"to": [11, 9, 24],
			"rotation": {"angle": 22.5, "axis": "x", "origin": [3, 0, 24]},
			"faces": {
				"north": {"uv": [0, 0, 6, 8], "rotation": 180, "texture": "#missing"},
				"east": {"uv": [0, 0, 8, 1], "rotation": 90, "texture": "#3"},
				"south": {"uv": [0, 0, 6, 8], "texture": "#missing"},
				"west": {"uv": [0, 0, 8, 1], "rotation": 270, "texture": "#3"},
				"up": {"uv": [0, 0, 6, 1], "texture": "#missing"},
				"down": {"uv": [0, 0, 6, 1], "rotation": 180, "texture": "#missing"}
			}
		},
		{
			"from": [5, 1, 23],
			"to": [11, 8, 24],
			"rotation": {"angle": 22.5, "axis": "x", "origin": [3, -1, 24]},
			"faces": {
				"north": {"uv": [0, 0, 6, 7], "rotation": 180, "texture": "#missing"},
				"east": {"uv": [0, 0, 7, 1], "rotation": 90, "texture": "#3"},
				"south": {"uv": [0, 0, 6, 7], "texture": "#missing"},
				"west": {"uv": [0, 0, 7, 1], "rotation": 270, "texture": "#3"},
				"up": {"uv": [0, 0, 6, 1], "texture": "#missing"},
				"down": {"uv": [0, 0, 6, 1], "rotation": 180, "texture": "#missing"}
			}
		},
		{
			"from": [5, 1, 23],
			"to": [11, 7, 24],
			"rotation": {"angle": 22.5, "axis": "x", "origin": [3, -2, 24]},
			"faces": {
				"north": {"uv": [0, 0, 6, 6], "rotation": 180, "texture": "#missing"},
				"east": {"uv": [0, 0, 6, 1], "rotation": 90, "texture": "#3"},
				"south": {"uv": [0, 0, 6, 6], "texture": "#missing"},
				"west": {"uv": [0, 0, 6, 1], "rotation": 270, "texture": "#3"},
				"up": {"uv": [0, 0, 6, 1], "texture": "#missing"},
				"down": {"uv": [0, 0, 6, 1], "rotation": 180, "texture": "#missing"}
			}
		},
		{
			"from": [5, 1, 25],
			"to": [11, 6, 27],
			"rotation": {"angle": 0, "axis": "y", "origin": [3, -3, 27]},
			"faces": {
				"north": {"uv": [0, 0, 6, 5], "rotation": 180, "texture": "#missing"},
				"east": {"uv": [0, 0, 5, 2], "rotation": 90, "texture": "#3"},
				"south": {"uv": [0, 0, 6, 5], "texture": "#missing"},
				"west": {"uv": [0, 0, 5, 2], "rotation": 270, "texture": "#3"},
				"up": {"uv": [0, 0, 6, 2], "texture": "#missing"},
				"down": {"uv": [0, 0, 6, 2], "rotation": 180, "texture": "#missing"}
			}
		},
		{
			"from": [1, 7, 0],
			"to": [2, 8, 2],
			"rotation": {"angle": 0, "axis": "y", "origin": [1, 7, 0]},
			"faces": {
				"north": {"uv": [2, 12, 3, 13], "texture": "#5"},
				"east": {"uv": [0, 0, 2, 1], "texture": "#missing"},
				"south": {"uv": [0, 0, 1, 1], "texture": "#5"},
				"west": {"uv": [0, 0, 2, 1], "texture": "#missing"},
				"up": {"uv": [0, 0, 1, 2], "texture": "#5"},
				"down": {"uv": [0, 0, 1, 2], "texture": "#5"}
			}
		},
		{
			"from": [1, 7, 16],
			"to": [2, 8, 18],
			"rotation": {"angle": 0, "axis": "y", "origin": [1, 7, 16]},
			"faces": {
				"north": {"uv": [2, 2, 3, 3], "texture": "#5"},
				"east": {"uv": [0, 0, 2, 1], "texture": "#missing"},
				"south": {"uv": [0, 0, 1, 1], "texture": "#5"},
				"west": {"uv": [0, 0, 2, 1], "texture": "#missing"},
				"up": {"uv": [0, 0, 1, 2], "texture": "#5"},
				"down": {"uv": [0, 0, 1, 2], "texture": "#5"}
			}
		},
		{
			"from": [2, 7, -11],
			"to": [3, 8, 27],
			"rotation": {"angle": 0, "axis": "y", "origin": [2, 7, 16]},
			"faces": {
				"north": {"uv": [0, 0, 1, 1], "texture": "#missing"},
				"east": {"uv": [1, 0, 2, 16], "rotation": 90, "texture": "#5"},
				"south": {"uv": [0, 0, 1, 1], "texture": "#missing"},
				"west": {"uv": [0, 0, 16, 1], "texture": "#5"},
				"up": {"uv": [0, 0, 1, 16], "texture": "#5"},
				"down": {"uv": [0, 0, 1, 16], "texture": "#5"}
			}
		},
		{
			"from": [13, 7, -11],
			"to": [14, 8, 27],
			"rotation": {"angle": 0, "axis": "y", "origin": [13, 7, 16]},
			"faces": {
				"north": {"uv": [0, 0, 1, 1], "texture": "#missing"},
				"east": {"uv": [0, 0, 16, 1], "texture": "#5"},
				"south": {"uv": [0, 0, 1, 1], "texture": "#missing"},
				"west": {"uv": [0, 0, 16, 1], "texture": "#5"},
				"up": {"uv": [0, 0, 1, 16], "texture": "#5"},
				"down": {"uv": [0, 0, 1, 16], "texture": "#5"}
			}
		},
		{
			"from": [14, 7, 16],
			"to": [15, 8, 18],
			"rotation": {"angle": 0, "axis": "y", "origin": [14, 7, 16]},
			"faces": {
				"north": {"uv": [0, 0, 1, 1], "texture": "#5"},
				"east": {"uv": [0, 0, 2, 1], "texture": "#missing"},
				"south": {"uv": [0, 0, 1, 1], "texture": "#5"},
				"west": {"uv": [0, 0, 2, 1], "texture": "#missing"},
				"up": {"uv": [0, 0, 1, 2], "texture": "#5"},
				"down": {"uv": [0, 0, 1, 2], "texture": "#5"}
			}
		},
		{
			"from": [14, 7, 0],
			"to": [15, 8, 2],
			"rotation": {"angle": 0, "axis": "y", "origin": [14, 7, 0]},
			"faces": {
				"north": {"uv": [0, 0, 1, 1], "texture": "#5"},
				"east": {"uv": [0, 0, 2, 1], "texture": "#missing"},
				"south": {"uv": [0, 0, 1, 1], "texture": "#5"},
				"west": {"uv": [0, 0, 2, 1], "texture": "#missing"},
				"up": {"uv": [0, 0, 1, 2], "texture": "#5"},
				"down": {"uv": [0, 0, 1, 2], "texture": "#5"}
			}
		}
	]
}